 TOT_TRANS,NO_HIGH_RISK_TXN,NO_OF_ACCOUNTS,TVHR_TRAN_AMT,CUSTOMER_RISK_LEVEL,ALERT_STATUS
116,12,19,6117964,1,0
82,10,4,11584533,2,0
114,2,12,11850657,3,0
30,8,1,3215471,4,0
32,4,1,9568452,5,0
122,5,18,812110,6,0
121,6,6,4762409,7,0
117,14,7,6329059,8,1
131,15,5,10796883,9,0
143,12,4,11899268,10,0
34,14,11,9428946,6,1
35,12,19,2917509,4,0
148,11,17,11857885,5,0
118,0,3,0,6,0
126,11,12,5208281,8,0
134,0,17,0,2,0
74,3,5,6738736,1,0
123,9,9,9056280,9,0
137,4,5,557227,8,0
34,14,6,9305802,1,0
84,3,9,7361108,2,0
100,13,7,6508488,8,0
74,4,16,10382125,9,1
79,9,4,209874,9,0
99,1,16,5545993,6,0
145,13,2,3865384,1,0
119,1,14,2464500,7,0
123,13,4,3470489,3,0
50,7,16,6952174,3,0
114,9,9,10703085,8,0
142,14,6,1233353,8,0
88,9,6,10574771,6,0
141,11,9,10649734,3,0
113,2,1,8033183,7,0
139,3,17,1625251,9,0
49,3,6,5898611,2,0
127,15,7,8323737,6,0
44,13,18,3719152,3,0
35,8,11,6729255,5,0
108,5,8,9812064,1,0
61,2,18,11557240,4,0
72,6,11,4775428,6,0
77,5,9,3848781,10,0
149,7,13,10065128,3,0
130,15,5,7944850,3,0
93,8,11,9300650,4,0
106,15,15,9623274,7,0
125,10,17,7014979,3,0
61,4,14,9377365,6,0
142,14,13,2918617,3,0
117,13,14,4499290,7,0
104,15,2,11615165,3,0
36,15,18,7736810,4,0
68,9,11,8377397,7,0
119,6,12,10199905,2,1
40,7,16,5703988,7,0
38,14,15,3039410,8,0
124,12,2,7396095,5,0
143,7,18,7959653,1,0
26,11,8,6930820,3,1
109,14,7,7409348,1,0
79,11,5,7613403,6,0
135,11,13,5179692,2,0
48,3,8,4641426,6,0
133,10,3,10682780,7,0
48,15,19,576393,1,0
41,6,3,584541,8,0
142,12,1,5229828,6,0
119,15,16,11447592,7,0
102,1,12,2873558,1,0
54,2,12,11692002,3,0
117,0,6,0,2,0
30,5,8,1167399,6,1
35,2,11,10912431,3,0
64,15,16,5939496,10,0
139,14,4,3555927,4,0
109,11,3,6215388,5,0
77,7,19,4517911,10,0
120,2,7,8568039,7,0
57,0,7,0,10,0
41,13,19,5357769,10,0
141,13,8,9489884,7,0
34,12,17,9431945,7,0
118,12,13,11517100,10,0
56,11,5,2480580,3,0
33,0,19,0,6,1
115,12,10,2719839,9,0
106,3,13,1220892,6,1
83,4,14,10701971,2,0
80,1,17,415058,9,0
78,8,6,6441855,9,0
113,2,5,6321405,4,0
149,3,9,10998621,1,0
94,9,19,3293140,2,0
62,1,12,4564722,2,0
99,6,14,9228072,10,0
82,12,12,2634645,9,0
70,6,14,10759966,4,0
115,5,13,6461464,3,0
122,11,7,9441582,8,0
80,5,16,1423503,6,0
144,14,19,9966999,5,0
82,4,5,636594,4,0
102,7,11,7853859,8,0
65,11,10,7387552,10,1
53,3,7,7929059,4,0
106,7,19,8482122,4,0
135,11,8,8733375,10,0
105,4,15,7207067,3,0
121,1,12,3619283,1,0
32,4,16,10316572,10,0
117,8,6,10782198,5,0
49,4,19,5063649,6,0
42,5,13,10110775,9,0
42,8,9,10500089,4,0
76,15,19,4408081,7,0
25,1,16,6675290,10,0
57,9,7,6489707,5,0
68,11,5,10212579,5,0
25,13,6,6225462,1,0
146,15,14,3342453,6,0
102,7,10,9868317,4,0
121,8,15,3612442,5,0
110,7,8,5962211,7,0
79,10,13,9783258,3,0
142,4,14,1936628,3,0
47,9,9,4359809,7,0
78,0,3,0,10,0
111,6,4,11992264,6,0
36,10,12,6774375,9,0
63,2,8,11596405,1,0
70,5,10,1931403,1,0
59,0,17,0,3,0
91,4,20,8985462,7,0
107,3,17,5959046,8,1
92,9,13,2726939,7,1
41,0,19,0,6,0
35,15,4,1279782,5,0
72,11,6,5371205,6,0
62,1,16,3951047,3,1
32,3,2,6056739,10,0
46,3,1,11600983,5,0
117,13,18,8082563,10,1
40,11,14,5715649,10,0
100,0,12,0,7,0
89,6,18,9604473,4,0
59,0,6,0,8,0
32,9,2,7935792,9,0
31,11,15,330773,5,0
62,12,15,10624664,2,0
85,14,4,3775146,10,0
85,2,12,9038096,3,0
122,8,7,8488038,5,0
147,12,3,3714308,7,0
107,0,11,0,8,0
83,3,8,6962347,4,0
81,15,10,6337771,1,0
114,6,10,5715516,10,0
92,7,19,9359091,1,0
79,10,15,10809148,9,0
103,9,6,10160582,7,0
111,15,4,2994289,9,0
137,8,18,1144429,3,0
88,9,15,10603609,4,0
109,10,13,6186210,7,0
109,8,20,11420260,9,0
25,9,18,3125674,4,0
80,12,15,1651961,8,0
129,3,20,10554279,10,0
45,5,2,592562,1,0
38,5,2,2812260,4,0
136,15,11,4456954,8,0
114,8,15,6716985,7,0
108,3,2,9991869,5,0
75,3,17,95061,4,0
80,10,10,6603612,10,0
108,13,19,3660990,3,0
28,9,14,10281209,3,0
74,7,7,5624019,6,0
27,6,7,4108825,6,0
29,4,10,5573833,3,0
123,7,4,1275689,7,0
130,14,15,10703223,2,0
143,3,14,7450263,1,0
75,7,8,10642092,4,0
63,5,6,8676516,9,0
103,1,1,9774588,10,1
38,15,12,2968784,3,0
133,11,3,1077850,7,0
121,11,19,11858674,4,0
34,2,8,4251957,8,0
101,3,15,1100588,7,0
25,0,5,0,3,0
69,8,14,1674578,7,0
84,2,2,3365522,7,0
86,7,16,9709546,8,0
117,14,16,10411760,10,0
105,10,4,6560759,7,0
115,15,6,5867834,5,0
35,9,14,11259031,6,0
140,13,13,3377574,4,0
91,5,1,1594495,5,0
112,8,5,11763440,6,0
118,9,1,7561433,6,0
56,6,7,2879305,9,0
82,6,2,9272747,5,0
46,8,18,2627516,6,0
94,8,3,6103563,2,1
106,3,15,6311806,2,0
104,13,13,8665802,7,0
30,3,18,6879023,8,1
131,13,13,6538369,8,0
88,12,17,1497687,8,1
147,14,8,7806394,3,0
57,9,16,7221672,7,0
54,3,5,10737595,9,0
105,4,2,357546,2,0
90,14,10,9426241,8,0
42,9,6,5786752,8,0
91,5,8,741568,6,0
82,10,7,1847302,8,0
117,11,17,1642347,1,0
118,8,5,7735496,10,0
48,15,10,7642624,9,0
44,7,9,10289865,9,1
87,9,5,11419738,8,0
144,4,16,11255397,5,0
50,5,15,4103323,4,0
119,8,6,10696668,1,0
122,2,11,8524366,7,0
120,11,12,128792,8,0
115,2,20,3312749,8,0
145,3,16,3274464,10,0
112,2,17,10745519,6,0
40,0,10,0,7,0
29,7,20,1942401,5,0
40,4,13,6621940,9,0
74,3,1,7960806,10,0
27,9,1,8847742,5,0
136,2,8,9233962,9,0
32,8,20,1587858,4,0
25,15,13,4108075,9,0
147,8,8,4159262,4,0
79,13,14,8744078,9,0
37,12,8,4148630,1,1
128,8,17,4869764,6,1
139,8,4,5970946,5,0
96,7,1,4938381,3,0
54,10,11,1511819,7,0
141,13,20,1935168,3,1
123,4,4,7599336,10,0
115,6,15,10741231,7,0
137,11,4,1570388,3,0
82,8,10,11130594,5,0
54,8,5,1177867,2,0
135,8,15,10705998,4,1
59,14,17,7994021,5,0
101,14,16,11016870,2,1
146,11,7,6535903,4,1
81,15,12,8660209,4,0
124,13,2,3100814,3,0
114,13,9,8104069,6,0
84,10,13,1963291,9,0
64,2,9,512322,5,0
150,15,12,6312620,9,0
115,8,16,203544,10,0
73,2,20,9558899,10,0
128,0,8,0,1,0
148,8,7,6327155,10,0
134,2,14,7826711,8,0
42,8,8,9222234,9,0
111,6,9,5222973,1,0
61,8,6,7130459,1,0
65,2,19,6860360,4,1
104,11,9,2433393,10,0
123,2,1,4720236,9,0
148,7,7,3539329,10,1
136,12,17,1270754,9,1
135,2,2,8735091,10,0
81,8,3,7805830,6,0
110,2,4,1748489,7,1
55,8,13,6874176,4,0
58,0,10,0,7,0
147,15,10,738755,2,1
124,4,18,660531,8,0
85,9,4,7329202,2,0
149,0,11,0,10,0
41,13,11,10267974,1,0
123,2,4,8652452,5,0
80,4,7,8296666,7,1
96,10,11,7417581,3,0
101,2,12,6583090,3,0
68,0,14,0,1,0
36,0,14,0,2,0
78,4,7,7034366,10,0
124,15,1,8301279,2,0
132,13,3,10586490,3,1
58,5,11,6737365,9,0
86,2,12,8530069,2,0
114,0,7,0,2,0
128,2,8,6565753,2,0
85,10,18,3867537,2,1
113,1,16,4782743,10,0
108,11,4,1439067,10,0
95,12,20,3074172,10,0
32,0,4,0,9,1
50,2,7,10788977,10,0
148,6,9,6156324,7,0
43,9,7,2512441,5,1
42,2,2,6111827,2,0
86,10,11,10276126,8,0
86,12,5,11559356,9,1
93,0,6,0,1,0
125,1,3,9899382,1,0
88,1,10,9794245,9,0
123,8,20,10432394,7,0
48,5,14,5018377,9,0
36,5,8,8619887,1,0
118,0,12,0,9,1
121,4,16,9281503,9,0
77,1,18,11905507,5,0
67,12,17,2485325,4,0
55,13,7,9353862,9,0
147,10,11,10676741,3,0
48,11,4,9817956,10,1
33,10,13,5882262,3,1
101,7,14,2592892,1,0
123,8,20,895933,1,0
82,14,15,6282925,4,0
109,11,14,3575470,7,1
150,3,10,5396793,9,0
73,3,7,2032089,9,0
88,2,11,7206765,8,0
138,4,19,9274509,9,0
69,13,3,5443421,5,0
62,5,4,3077222,3,0
119,9,17,3223008,4,0
146,11,20,8732998,10,0
31,3,5,10213831,8,0
127,2,6,8934264,4,0
49,15,14,4789558,8,0
130,7,6,6605521,4,0
34,5,19,6975791,2,0
30,2,18,4298952,4,0
109,9,1,9349700,8,0
139,3,5,88199,4,0
125,2,9,2879342,3,0
45,10,19,5899623,1,0
130,5,4,2215767,7,0
40,8,16,9160788,3,0
145,8,10,898605,4,0
59,5,8,9334832,1,1
120,3,14,4785929,10,0
30,1,9,545008,6,0
48,13,20,9499564,1,0
48,14,8,7125650,8,0
83,13,13,7997230,8,0
121,15,8,11381934,2,0
115,3,9,4667695,2,0
97,14,7,10103576,2,0
135,12,9,10849626,7,0
99,14,15,6388079,5,0
38,10,15,8983660,7,0
26,3,11,9656668,8,0
62,8,18,4769179,5,0
145,8,6,359642,10,0
99,8,11,6378913,3,0
59,10,1,2792746,9,0
90,8,15,2424336,7,0
68,10,9,2433353,3,0
45,1,12,9443590,5,0
134,3,18,6490961,8,0
38,7,11,11681428,1,0
71,1,16,5439940,1,0
114,8,16,8023904,3,0
110,14,6,5284963,8,0
30,3,10,1883679,9,0
101,10,5,4018564,8,0
89,12,19,2556841,8,0
128,7,17,5885518,8,0
47,6,14,10963971,9,0
63,12,5,11020865,8,0
59,8,16,10698478,2,0
102,8,13,5749729,3,0
138,6,4,9518847,9,0
68,10,15,10548667,10,0
146,13,1,4066761,5,0
110,0,15,0,5,0
27,1,4,2111869,2,0
66,13,16,5571722,2,0
26,9,6,121877,2,0
141,8,19,202539,2,0
93,7,2,11441085,3,0
116,14,4,5537672,1,0
52,6,19,3384886,1,0
66,14,18,682897,7,0
40,5,17,6890433,8,0
114,0,6,0,5,0
71,5,4,2130666,10,0
61,6,5,3366579,10,0
88,9,4,7152190,10,0
56,0,4,0,5,0
59,12,16,1274391,3,0
85,5,1,3128842,9,0
68,3,15,10252389,3,0
47,10,19,10160220,6,0
99,14,9,9616741,9,0
117,13,19,4686199,4,0
47,9,7,9330868,10,0
94,2,7,3674722,10,0
141,13,7,646301,1,0
65,2,8,8303620,9,0
34,13,13,4061372,9,0
42,2,20,8915703,8,0
38,7,14,9062299,1,0
147,8,12,4849566,7,0
84,6,4,8647842,3,0
68,4,19,6767394,8,0
91,10,10,10124810,6,0
101,5,20,2723014,4,0
102,9,7,916755,4,0
91,8,16,633817,9,0
142,8,15,6198518,3,0
142,8,2,8135040,6,0
146,12,12,5953896,2,0
71,6,15,6229667,3,0
40,5,16,10584568,3,0
140,7,17,5000939,2,0
54,10,3,3121948,9,0
130,10,1,10674061,4,0
143,1,15,5519873,2,0
107,2,18,5780346,1,0
76,8,13,6363891,7,0
123,15,8,4541331,6,0
148,3,9,10387986,8,0
33,2,17,11831782,1,0
142,2,14,1029310,10,0
53,13,2,9635756,2,0
32,3,1,1198581,4,0
79,15,10,3535110,1,0
65,10,19,4688686,3,0
103,9,9,7160157,3,0
103,6,10,8794675,10,1
138,11,9,10129368,5,0
39,2,1,8142133,3,0
70,3,19,11892500,7,0
129,8,7,10886254,1,0
96,8,3,9553406,2,1
126,10,13,8511146,3,0
136,10,7,8044966,8,0
73,1,9,11721272,4,0
31,2,9,7027022,10,0
147,8,14,8135950,2,0
73,9,10,11489963,1,0
84,5,11,6893837,4,0
45,7,16,7740249,10,0
98,10,8,10657558,4,0
55,4,15,8823928,6,0
143,7,16,3238131,10,1
25,3,17,7305792,9,0
92,12,13,3953625,8,0
139,1,9,3428272,7,1
142,15,18,2873437,7,0
81,11,3,366386,10,1
64,1,14,6231463,8,0
53,6,6,141841,8,0
114,15,13,5650823,9,0
53,0,15,0,5,0
145,6,9,6752002,3,0
83,10,10,1134584,4,0
59,6,14,2363433,5,0
46,7,15,8601447,3,0
138,10,3,7864909,1,0
64,3,19,8957078,10,0
57,14,1,7798576,2,0
85,1,15,4561440,2,0
119,10,6,2492127,9,0
68,8,12,5666576,4,0
35,2,8,10884341,9,0
118,1,5,3793125,10,0
103,0,12,0,6,0
64,8,17,6114067,5,0
139,8,17,2950378,2,0
43,7,1,5369230,4,0
107,5,7,6421396,5,0
145,13,18,4597010,10,0
50,8,10,9537602,5,0
79,9,15,3772480,3,0
59,9,15,8896024,3,0
51,0,17,0,6,0
93,2,20,8849155,4,0
60,3,4,3615332,5,0
31,6,19,10266907,7,0
80,11,8,10864118,5,0
149,13,9,2360230,9,0
69,2,15,10060991,9,1
49,13,15,5096996,10,0
75,4,16,10830020,1,0
35,5,10,11517338,1,0
95,1,1,5513517,2,0
86,8,10,4951611,2,0
69,13,7,1310183,3,0
111,0,14,0,1,0
132,2,16,5859162,4,0
58,5,14,1824074,7,0
133,8,19,6132463,3,0
35,15,5,1153759,9,0
104,9,3,5469147,7,0
57,3,2,6859289,3,0
142,1,3,7870783,9,0
130,3,7,5437970,5,0
108,15,18,10291698,5,0
127,9,6,9526130,10,1
145,8,11,8038867,5,0
139,3,15,11865341,4,0
95,13,14,10660044,4,0
141,6,9,3162060,2,0
149,14,10,10945879,4,1
125,15,6,3861390,4,0
113,3,6,326928,5,0
128,11,15,9976996,4,0
75,1,7,4783111,5,1
105,1,3,6091269,3,0
42,4,20,11666950,6,0
75,13,7,11863620,7,1
145,8,2,624600,4,0
88,14,19,5440451,5,0
148,9,7,4126845,2,0
51,2,17,10246194,7,0
141,1,20,817122,1,0
50,8,5,8953354,2,0
115,3,10,7937394,9,0
106,15,14,5631055,8,0
26,13,20,7409174,8,0
117,2,9,8270005,10,0
146,8,13,959297,8,0
71,13,8,8112766,5,0
76,10,4,8728829,7,0
130,0,7,0,8,0
40,12,9,7298526,5,0
58,12,15,9544845,1,0
106,3,4,7722852,8,0
143,15,20,7882911,4,0
126,0,15,0,1,0
77,10,6,11967662,5,0
75,9,11,9435642,9,0
140,6,7,6044844,1,1
138,1,12,5306064,2,0
28,15,20,713694,4,0
62,3,19,3408870,8,0
97,14,4,3116652,1,0
62,9,20,5317175,5,0
147,15,15,5592931,4,0
48,8,13,580597,10,0
84,0,8,0,2,1
52,12,9,6543782,9,0
148,1,16,10233654,5,0
84,2,11,6200409,2,0
148,2,19,11104528,1,1
99,4,15,948361,10,0
120,7,14,966876,9,1
38,2,17,11270828,4,0
127,2,16,484991,3,0
90,14,1,119817,4,1
128,6,5,877934,1,0
74,0,19,0,4,0
38,2,7,7068355,4,0
115,6,6,7235963,4,0
121,3,11,1148892,10,0
136,11,7,10204873,8,0
114,13,9,5957601,10,0
45,10,2,5207149,9,0
124,11,7,10312894,4,1
40,11,1,9311709,1,1
134,11,12,10259389,9,0
97,9,3,8478851,7,0
147,6,13,320587,7,0
54,0,4,0,2,0
89,5,4,11830704,8,1
94,11,3,3212377,9,0
78,15,12,1050213,9,1
127,3,2,9180628,6,0
25,6,3,11792701,9,0
57,3,11,738527,3,1
63,10,19,10075318,8,0
85,11,5,3748897,9,0
82,9,8,5907177,2,1
111,8,4,108435,6,0
107,2,20,7406618,5,1
115,15,14,3043210,7,0
85,15,20,11184350,4,1
35,12,13,6237111,6,0
124,12,15,4795664,1,0
43,7,6,5040028,8,0
132,6,1,8079530,3,0
43,8,12,4424037,2,0
76,0,20,0,1,0
148,2,8,1524650,6,0
56,3,14,11932434,8,0
39,5,1,8688239,7,0
58,5,9,1774991,4,0
113,8,6,5108491,6,0
102,6,9,4782134,3,0
84,9,12,11462928,3,0
140,1,6,9223668,9,0
77,0,2,0,5,0
35,0,1,0,9,1
43,5,3,2858663,8,0
96,12,5,3267113,5,0
67,4,13,10880643,10,0
76,9,8,10528184,7,0
33,8,8,2165396,3,0
29,1,13,9795739,7,0
87,12,16,4482893,9,0
111,0,12,0,1,0
46,9,20,1792726,2,0
130,8,8,2649200,6,1
97,5,6,5779197,6,0
72,5,10,7572155,5,1
121,13,6,4023220,3,0
149,0,7,0,10,0
27,0,4,0,10,0
68,1,1,1048137,6,0
110,11,7,10822388,8,0
36,7,19,8996019,6,0
36,9,1,11608029,4,0
137,14,2,7374075,6,0
35,1,8,9245243,9,0
142,1,17,1074264,10,0
86,7,15,486125,1,0
62,12,5,9957398,8,0
107,13,5,5024200,1,0
150,4,20,1495274,5,0
97,9,2,9442034,6,1
106,5,15,5810915,1,0
66,11,13,5966980,6,0
113,3,18,9368223,1,0
114,2,1,1382818,10,0
124,11,6,11082468,7,0
149,6,16,2930164,9,0
41,7,2,8847174,8,0
30,9,8,7334394,3,0
143,11,13,9425261,9,0
72,2,14,11637336,5,0
45,1,4,5029411,5,0
94,11,7,1597369,10,0
32,14,13,2345699,3,0
124,13,14,10096755,10,0
130,13,20,7817932,4,1
143,3,11,10101923,6,0
105,12,11,10265941,6,0
77,3,6,6698589,3,0
123,10,11,2833523,10,0
137,15,3,3569550,1,1
75,0,9,0,1,0
47,10,5,7182668,8,0
82,0,13,0,7,0
57,11,14,6599620,9,0
27,2,4,7680566,5,0
130,5,12,9043502,10,0
115,11,4,10555688,6,0
141,13,19,11368526,2,0
74,12,5,2431675,7,0
93,14,10,1273665,5,1
59,3,16,11889776,7,0
32,15,6,5494520,4,1
27,12,4,10728718,9,0
110,2,13,6330776,1,0
113,6,6,9675708,7,1
43,4,2,6306437,4,0
37,12,19,10781515,10,0
114,8,6,2547558,3,0
53,10,1,11115875,8,0
29,7,7,9923093,5,0
55,15,15,1009058,9,0
54,4,4,4778054,10,1
133,14,6,9181315,7,0
146,6,12,3364459,4,0
143,11,5,4038078,9,0
46,10,10,8794025,4,0
34,5,14,2812262,3,1
72,7,5,10446594,10,0
64,5,13,6991956,3,1
140,8,11,7388518,7,0
34,1,10,3824596,3,0
41,3,15,4916914,5,0
146,11,17,9778497,3,0
47,1,9,11825762,1,1
35,2,18,10290849,6,0
117,12,10,2230283,6,0
99,9,17,5680717,8,0
30,1,18,5716486,6,0
104,12,20,10430598,5,0
67,8,5,66099,2,0
27,10,16,10025297,2,0
68,11,13,4734967,7,0
51,0,4,0,10,0
84,0,11,0,3,1
120,8,12,7054931,2,0
120,1,13,6531885,1,0
88,11,11,5544947,7,0
143,9,1,7070808,3,0
141,10,17,8442707,9,0
140,10,15,1638342,2,0
88,9,10,4493843,4,0
46,0,17,0,7,0
144,15,10,11410199,5,0
89,0,7,0,3,0
103,7,16,3419678,2,0
32,6,13,1235875,4,0
54,0,5,0,8,1
39,3,7,639543,4,0
123,12,13,3615613,6,0
93,0,7,0,8,0
56,13,11,566156,6,0
29,1,2,7280084,2,0
140,13,8,11097783,3,0
100,11,6,11115848,9,0
110,14,5,956529,5,0
115,7,10,993872,2,0
40,9,4,11686273,10,0
89,3,20,11710878,9,0
145,6,1,2587228,9,0
125,0,13,0,9,1
39,8,6,7188195,1,0
41,3,7,8302494,10,0
109,1,15,10343335,4,1
147,7,7,10158843,4,0
132,2,9,9131259,5,0
49,9,1,6437538,7,1
33,9,5,9289658,2,0
103,8,14,10127408,1,0
144,7,15,11467001,6,0
104,0,17,0,2,0
123,4,17,5858978,2,0
67,1,2,7152995,9,1
89,10,15,11197409,10,0
142,7,14,2002924,5,0
116,10,6,2530300,10,0
39,13,6,11283308,7,0
114,9,16,6151569,8,0
33,6,16,6797838,1,0
31,14,9,2575130,8,0
87,10,19,5324638,5,0
55,10,2,1252963,4,0
118,11,4,6416065,2,1
128,1,9,5730095,1,0
72,3,11,7988349,1,0
41,1,14,4851692,6,0
118,0,11,0,5,0
115,10,19,5988415,3,0
68,3,8,11135292,7,0
53,15,19,6881632,9,0
150,3,9,3585925,10,0
54,0,8,0,4,0
141,8,14,5137170,9,0
61,11,20,1544706,5,0
42,7,12,1542132,2,0
71,13,17,2003766,1,0
111,6,6,3850349,10,0
47,11,8,11931745,9,0
33,10,11,8789734,5,0
57,1,19,11114111,8,0
147,1,18,4897991,4,0
130,13,15,938534,5,0
147,5,20,1387976,10,0
45,9,11,11365187,1,0
41,2,18,3867383,1,0
141,6,4,757493,8,0
96,5,17,6811331,4,0
149,15,8,7201731,6,0
51,15,1,11311925,2,0
84,3,10,5189360,10,0
149,6,4,7184697,1,1
34,12,17,8735686,2,0
68,1,19,11380296,2,0
127,15,9,3433341,9,0
69,9,14,1874704,9,0
128,10,20,5650388,3,0
31,0,10,0,5,0
131,3,2,2832684,1,0
122,9,1,10734026,2,0
35,10,10,1254892,10,1
117,1,17,3178011,9,1
116,14,5,1457071,2,0
137,3,1,7334781,2,0
117,13,2,2996022,5,1
116,4,14,2335622,1,0
141,0,18,0,7,0
53,11,15,1744429,8,0
45,7,1,11688797,3,0
79,13,15,9223814,9,1
112,5,7,5786168,1,0
90,12,5,9811981,2,0
96,3,14,9800295,10,0
105,13,14,11809290,8,0
76,4,3,7179605,9,0
144,3,15,5786152,5,0
37,5,1,1689136,7,0
72,6,8,2541001,3,0
65,6,3,4909713,2,0
47,11,18,9019255,5,0
130,14,7,2722073,3,0
34,8,16,9946752,4,0
83,11,12,3659103,6,0
120,5,7,8729212,3,0
58,14,18,1695185,9,1
47,6,15,7526792,9,0
86,10,9,3400526,2,0
32,12,14,6124590,3,1
146,11,14,7487152,4,0
82,5,19,8141476,7,0
145,2,7,4305156,10,0
73,11,5,5300427,3,0
34,10,8,8882483,9,1
70,10,20,3630528,5,0
64,11,1,7178784,1,0
27,13,2,5186785,2,0
145,1,3,5264546,9,0
57,10,3,10068666,6,0
90,2,1,7891902,4,0
116,0,4,0,9,0
37,0,14,0,4,1
82,11,8,8892713,10,0
104,2,19,8192023,5,0
68,11,20,3049123,3,0
83,7,8,11357016,3,0
142,4,15,4651171,8,1
120,13,20,2189430,4,0
79,10,6,4983769,10,1
150,7,8,6935822,6,0
100,13,4,7867890,5,0
40,3,4,5910930,4,0
146,15,3,4917790,4,1
79,12,8,10332145,2,0
48,8,1,10389190,9,0
92,14,5,11709313,6,0
53,4,9,4157611,5,0
150,1,8,5900757,9,0
100,6,19,10016604,3,0
42,6,2,6691113,1,0
33,14,15,11423496,7,1
47,14,5,793256,10,0
81,12,3,6611141,8,0
150,10,11,1009455,7,0
98,8,19,6573884,6,1
138,10,18,6799488,4,0
118,0,20,0,10,0
110,1,7,695796,10,0
73,5,19,2745903,7,0
130,5,3,11540166,4,0
81,2,7,9588457,7,0
69,9,7,7368927,7,0
74,2,14,70633,10,0
100,1,11,7846881,4,0
118,15,11,6163281,4,1
133,0,10,0,7,0
117,15,13,1615421,6,0
103,7,5,1339120,10,1
98,8,3,4714031,7,0
132,12,8,7381829,7,0
138,6,9,11022406,9,1
76,6,10,8911269,4,0
74,2,3,3339609,6,0
73,12,10,9862634,1,0
34,4,7,11558350,9,0
114,6,9,10637199,1,0
144,10,5,8676653,1,0
81,14,1,11018690,2,0
54,1,17,8126112,3,0
94,1,3,3734370,1,0
110,9,16,11257794,7,0
114,2,4,6357258,4,0
97,15,16,4859222,4,1
27,10,18,409311,5,0
43,4,6,3733114,5,0
85,7,7,4507846,2,1
96,1,3,3404412,7,0
84,9,8,11228943,7,0
40,3,20,5796730,5,0
104,15,20,10140861,4,0
71,13,1,10784259,3,1
37,7,20,11984503,3,0
145,9,20,10932114,6,1
40,12,1,5634892,5,0
32,5,10,4753320,10,0
62,9,3,11971824,8,0
148,10,12,2480498,10,0
54,3,12,9512676,3,0
43,8,16,1956521,10,0
51,2,16,846932,10,0
40,5,5,10947254,1,0
118,14,10,5806586,8,0
44,7,7,3066834,7,0
100,6,17,7188389,8,0
133,3,17,4214739,4,0
110,10,7,7054828,9,0
98,6,5,5625688,9,0
102,15,15,4357904,9,0
112,14,11,11190352,10,0
37,12,13,1060240,5,0
150,0,13,0,8,0
64,5,9,5988141,8,0
90,5,17,11302850,7,0
61,13,3,589378,8,0
117,3,20,7738101,3,0
59,8,2,8130950,7,0
131,15,10,3350991,4,0
42,14,19,4602619,3,0
67,4,9,1710040,1,0
88,14,11,1280248,2,1
125,9,13,5612884,7,0
72,2,4,10460939,10,0
30,3,11,3046084,10,0
129,0,4,0,10,0
143,9,11,2811735,8,0
69,8,6,9796056,1,0
105,1,15,9862723,7,0
135,1,20,283693,9,0
129,9,1,1560414,3,0
65,4,14,9688357,7,0
55,5,7,5696971,1,0
65,14,18,6265463,3,0
95,14,17,2931213,9,0
44,15,1,11066937,5,0
90,15,19,4425613,2,1
73,9,6,277486,9,0
97,15,5,11953472,10,1
108,5,20,6936418,3,0
63,7,8,9548400,8,0
143,7,14,3696713,4,0
89,12,4,4174306,9,0
80,3,10,10131537,3,0
129,13,2,1523981,8,0
105,10,4,2490235,6,0
142,7,12,11912272,5,0
150,8,10,10202000,3,1
49,15,2,8250834,9,0
129,5,3,2548867,8,0
34,6,10,2133977,5,0
68,9,11,10759018,3,0
50,14,13,9648490,7,1
87,9,6,2797944,9,0
56,14,2,6763739,6,0
58,12,8,6017476,6,0
38,13,15,7523505,6,0
36,5,7,7341808,8,0
37,12,1,10322764,3,0
120,2,15,8949988,4,0
60,3,13,2060870,6,1
51,14,2,10330562,6,0
56,9,5,3723391,7,0
148,2,10,3428294,9,1
147,13,9,6557765,9,1
76,8,11,7195650,3,0
147,6,10,9060147,5,0
90,9,20,6989704,4,0
89,7,18,5238722,9,0
49,10,6,8205645,6,0
83,14,10,11279952,6,0
51,2,2,9380185,9,0
119,10,1,11928774,2,0
148,15,4,4091318,9,0
42,10,17,4209742,5,0
132,9,12,9763767,1,0
79,9,10,7916020,4,0
35,6,17,4128081,3,0
74,7,6,7383927,10,0
86,7,11,11253059,9,1
41,9,14,2873637,8,0
115,7,4,947778,8,0
100,11,10,1675759,5,0
62,13,17,1804909,5,0
45,8,19,11141226,6,0
111,6,20,11894232,3,0
137,3,16,3891763,4,0
119,15,8,5294528,7,0
67,2,3,11936200,4,0
90,6,1,6136768,7,0
45,1,4,5065413,1,0
82,1,10,6326986,8,0
118,0,16,0,3,0
129,11,14,375059,6,0
145,14,13,664540,9,0
97,4,16,4784105,9,0
100,2,8,949704,5,0
117,14,19,5017169,9,0
31,8,7,8747457,3,0
68,15,14,477008,3,0
139,11,4,7135271,10,0
109,10,11,6106670,7,0
36,11,19,11896175,4,0
67,13,6,5875806,3,0
80,5,10,4084969,9,0
47,7,16,7724275,9,0
63,1,1,1980620,6,0
62,2,19,10631874,1,0
92,5,13,7418035,1,0
120,1,15,8838203,4,0
70,8,8,2809299,3,0
140,6,15,11320072,9,0
69,9,17,213759,7,0
141,2,16,5783929,6,0
65,5,16,5796869,10,1
105,4,11,5171767,8,0
102,12,18,1626119,8,0
127,6,4,1679857,3,0
61,0,16,0,9,0
150,3,12,602846,8,0
135,8,19,196569,5,0
50,7,20,3943605,3,0
35,11,19,9032881,10,0
56,4,19,4148151,2,0
28,10,4,443613,8,0
58,7,7,4332901,7,0
60,6,15,10108204,8,0
46,1,18,7579385,10,0
130,13,13,6910959,4,0
123,0,9,0,5,0
34,14,15,2519167,2,0
131,11,1,373290,3,0
94,15,5,5421491,3,0
144,6,1,9709944,5,0
149,13,20,6328436,1,0
74,8,5,1917118,7,0
28,10,7,11632432,9,0
69,11,12,1806087,4,0
145,14,19,9457428,7,1
149,1,2,11592325,7,0
115,14,5,7987526,3,1
31,14,7,2792876,6,1
130,6,12,2397750,8,0
89,6,18,5479034,9,0
76,3,3,11477867,10,0
93,11,15,8913552,2,0
137,7,19,9492705,6,0
92,15,11,5608340,3,0
92,13,5,10353008,2,0
130,10,18,2076139,9,0
138,12,3,9430844,7,1
39,10,6,3099919,4,0
141,5,20,8593057,5,0
69,13,11,6019481,9,0
43,15,14,11169234,2,0
99,5,13,6922506,8,0
29,11,7,11979822,2,1
60,5,18,11268435,7,0
95,15,4,2115532,2,0
46,3,15,9050272,2,0
121,7,19,11029960,4,0
74,0,1,0,1,0
107,15,19,1876842,6,0
35,6,3,1939217,7,0
59,9,10,11818142,7,0
92,8,13,2594735,3,0
54,10,10,4224329,1,0
129,0,15,0,1,0
79,2,11,11055113,7,0
84,1,19,3016933,5,0
53,4,17,7259145,9,0
128,8,3,9734628,6,0
123,2,5,1785605,7,0
51,11,2,7188046,4,0
97,0,15,0,4,0
124,10,11,5023489,2,0
36,9,12,332220,1,0
69,2,5,7451939,10,0
100,7,17,11448466,2,0
80,4,8,8852096,6,0
72,15,8,11152877,3,0
147,5,6,11469762,2,0
143,1,16,6426663,7,0
40,4,12,11764753,9,0
97,4,7,9638738,2,0
63,12,3,7921600,9,0
25,5,17,10572667,8,0
53,15,4,1388766,5,0
87,9,14,7932535,10,0
148,3,5,11421504,4,0
109,4,13,5050157,6,0
54,11,7,536724,4,0
148,4,6,5209071,3,0
86,0,10,0,1,0
39,2,3,5615319,7,0
52,12,8,8786164,5,0
32,7,8,1698829,2,0
112,0,5,0,4,0
138,0,18,0,3,0
25,8,17,4367781,9,1
37,13,8,5123598,1,0
108,8,14,10987469,10,0
52,6,12,376868,4,0
37,8,6,1506366,2,0
71,13,6,8339175,2,0
29,15,12,643487,9,0
96,10,11,9591175,2,0
70,6,19,10669928,6,1
38,11,18,10440687,4,0
47,11,13,11911972,3,0
94,8,8,7668712,4,0
119,2,13,11271216,5,0
130,12,20,2039969,10,1
43,8,1,726544,9,0
59,14,13,9311131,10,0
85,11,10,7756093,4,0
129,14,8,9012501,1,0
56,3,3,10672891,6,0
86,0,10,0,4,0
51,1,11,9424056,1,0
44,15,13,412044,4,0
119,13,20,11954193,6,0
128,0,16,0,4,1
35,12,8,3736272,2,0
105,15,4,10887270,5,1
53,9,5,11960648,5,0
74,13,13,6648975,2,0
44,12,11,3217661,6,0
142,6,12,759371,2,0
70,2,2,8359230,7,0
96,0,15,0,6,0
109,3,12,6475397,9,0
33,13,14,1251989,6,1
118,3,6,7819561,4,0
48,8,14,6158131,4,0
54,13,11,4175114,1,0
106,11,1,10303344,7,0
54,14,11,4358568,5,0
120,9,1,6065400,2,0
149,1,6,9665067,3,0
108,14,9,74713,6,0
87,3,7,48057,8,0
101,9,18,11745015,5,0
38,3,2,6984218,5,0
54,14,20,8911215,2,0
103,15,7,11080877,5,0
90,12,4,10317081,5,0
103,15,17,7501941,6,0
86,4,18,5459075,9,0
121,6,16,2047838,10,0
43,14,1,4137370,5,1
25,15,5,5670027,3,0
85,7,13,5107790,4,0
104,15,6,2561781,8,0
36,10,17,2481242,4,1
112,2,19,3492727,3,1
100,7,19,9373186,7,0
30,1,9,4963300,2,0
97,2,14,5149384,3,0
80,10,9,9376843,6,0
120,9,10,7244238,1,0
56,9,8,3810829,1,0
118,0,7,0,6,0
90,15,16,5909599,10,1
50,12,8,4530834,4,0
50,9,17,9683245,10,0
68,7,19,9531378,4,0
105,3,15,11147659,9,0
86,12,3,3504287,2,0
115,1,6,10758312,9,0
51,6,8,6586235,9,0
40,9,16,9596318,8,0
57,12,14,5712883,7,0
96,14,10,9789951,10,0
77,5,18,189675,9,0
142,13,1,1488543,4,0
149,9,9,6915154,1,0
66,9,9,10285100,2,0
58,4,9,10051083,10,0
95,3,16,6833231,5,0
60,6,2,10984072,5,0
132,10,11,4020014,3,0
99,11,4,5567081,9,0
53,3,4,1504840,8,0
103,1,9,3358689,9,0
117,15,1,6736262,3,0
42,4,7,1196512,3,0
126,4,19,5095607,7,0
36,13,4,4274840,4,1
133,0,4,0,6,0
32,11,3,5457074,3,0
123,14,9,5139427,4,0
149,9,16,5285663,7,0
30,0,17,0,2,0
82,11,11,3148695,4,0
127,12,11,9590151,5,1
125,13,20,8680795,7,0
124,2,11,1999319,1,0
85,9,17,9906362,2,0
45,12,4,381935,7,0
150,11,10,752587,6,0
65,8,10,5720540,10,0
63,0,17,0,3,1
99,0,13,0,3,0
51,5,8,3300270,5,0
72,13,10,8549103,10,0
117,9,14,8288447,3,0
45,13,2,5631548,6,0
41,6,8,8677918,5,0
84,2,19,2153521,8,0
42,4,12,1850899,4,0
25,12,1,4452441,5,0
100,6,10,11811881,6,1
45,14,2,6788366,8,0
120,9,10,4849978,9,0
56,5,18,1791708,7,0
142,9,14,4322479,1,0
150,14,13,9513740,8,0
31,1,6,4982564,8,0
96,9,12,350050,3,0
42,6,19,728715,6,0
75,6,12,3995496,10,0
60,14,15,10936486,2,0
57,13,8,3197384,5,0
142,0,2,0,8,0
100,11,18,11346422,1,0
53,2,4,8511101,6,0
102,15,20,5944079,6,0
36,12,16,7693698,8,0
43,3,12,2889295,4,0
115,13,7,4447344,5,0
130,13,13,1535255,10,0
130,0,7,0,9,0
127,12,19,4304820,8,0
31,13,2,2579795,7,0
143,6,4,8193574,7,0
100,14,12,4814690,5,0
50,13,4,6400727,9,0
60,1,8,1545784,8,0
148,7,19,6358842,1,0
80,12,3,4269919,2,0
85,8,14,73616,8,0
66,3,17,9005351,8,0
147,4,19,9513449,9,0
107,9,7,8636711,2,0
129,2,16,9626286,6,0
82,3,4,3741683,9,0
111,9,9,1490165,7,0
124,2,8,8720862,6,0
84,2,20,3998842,3,0
57,13,17,9978787,1,0
112,2,2,5929337,1,0
110,2,17,11558622,1,0
97,14,13,7350193,10,0
131,0,16,0,9,0
105,3,10,11057778,3,0
34,5,18,445692,1,0
50,1,3,10881667,4,0
132,15,7,6587134,3,0
108,9,1,10469261,2,0
33,7,19,6908188,7,0
80,11,17,8933560,2,0
126,12,4,6739193,10,0
86,9,8,4957833,10,0
135,0,3,0,5,0
130,3,17,4153407,8,0
51,10,17,8582699,9,0
47,3,7,4816909,8,0
83,11,14,11348800,1,0
30,12,16,9631107,7,0
44,9,5,1051394,9,0
71,14,16,7805446,1,0
147,0,3,0,5,1
132,6,20,6755716,4,1
146,0,13,0,8,0
108,6,17,11088466,2,0
136,0,9,0,5,0
101,1,5,8365241,7,0
39,4,12,6380629,6,0
79,8,8,8354292,7,0
147,14,18,3127328,8,0
35,7,13,6435969,8,0
86,5,17,6994873,9,0
125,0,7,0,2,0
71,11,20,6936414,3,1
26,0,6,0,7,0
101,12,6,7337785,6,0
28,2,1,10542338,2,0
28,10,17,5961590,8,1
60,7,19,4339928,1,0
127,8,15,3080224,10,0
81,12,5,8428742,5,0
44,7,14,5094297,2,1
147,7,19,1154162,1,0
29,6,19,9054964,5,0
146,3,3,7006721,1,0
83,0,6,0,10,0
40,3,6,4768231,5,1
74,15,20,4732103,2,1
93,4,18,11545054,1,1
60,9,3,7005912,6,0
74,11,10,1337238,9,0
100,4,7,4474605,4,1
144,6,5,3700630,7,0
27,7,10,116704,10,0
143,14,10,1317439,2,0
49,5,5,5114599,4,0
52,3,11,1662187,3,0
101,14,18,3653157,8,0
107,7,7,9413143,4,0
104,0,6,0,9,0
53,11,14,11032273,9,0
31,4,18,3733378,2,0
98,11,17,187997,10,0
91,8,2,10901788,1,0
43,12,9,6243290,9,0
85,0,20,0,1,0
26,1,11,8132178,9,0
121,15,7,7062314,9,1
87,10,6,6887802,8,0
65,12,18,7014957,8,0
44,10,10,353819,9,0
29,11,8,7971686,8,0
134,8,14,4274585,10,0
57,4,1,1658256,3,0
28,0,18,0,4,1
111,10,2,1870226,8,0
133,13,20,10891289,10,0
30,5,1,1096982,6,0
88,2,20,4600727,9,0
67,0,12,0,5,0
27,1,17,6465213,2,0
80,11,9,6562795,1,0
43,12,15,1866099,5,0
45,14,14,1872214,6,1
26,9,4,3748093,7,0
91,11,11,10962070,2,0
63,5,13,7973943,9,0
78,12,6,4936843,5,1
87,5,9,2446771,10,0
48,1,5,11336055,10,0
35,4,10,2035214,10,0
48,6,3,9677386,7,0
79,11,3,9017961,10,0
38,4,20,1489503,5,0
34,5,18,5593222,3,0
150,9,14,7214639,8,0
101,13,8,4047850,4,0
31,14,12,5490409,9,0
35,15,15,8110400,4,0
115,8,20,5336362,1,1
88,13,14,7245186,10,0
95,2,8,6134299,7,0
42,2,7,10392762,8,0
28,1,3,11963995,7,0
127,12,8,4334636,9,0
63,7,13,6009534,7,0
91,1,15,4752692,5,0
60,13,13,10017956,4,0
148,0,1,0,10,0
89,11,17,6772233,1,1
102,3,18,1452120,9,0
43,5,10,8716904,4,0
37,5,1,9484144,6,0
70,4,12,6754916,2,0
46,6,7,6965304,10,0
143,12,8,7350352,9,0
53,6,17,5759688,6,0
29,5,11,5100552,6,0
95,12,8,10668023,6,0
71,8,15,6625321,10,0
70,13,16,6399758,3,0
58,13,11,5685029,2,0
60,3,19,8580629,5,0
53,13,13,5099632,5,0
119,10,2,7335479,5,0
113,7,18,4379832,7,0
35,9,18,7696339,1,1
96,6,19,9359594,9,0
103,2,8,2658110,9,0
103,10,10,3252992,10,0
85,7,18,10118714,6,0
114,4,12,11823684,7,0
25,1,1,8643503,3,0
130,8,7,9583022,9,0
27,9,8,4523076,2,1
106,11,16,11867690,4,0
28,7,16,10728103,3,0
73,12,18,2082827,6,0
131,5,13,6575113,8,0
75,12,14,2295982,9,0
82,4,10,1372830,2,0
74,6,1,2848299,7,0
149,6,10,9493081,2,0
44,7,7,2243756,9,0
123,13,9,2046204,3,0
36,9,17,10354855,7,0
61,0,13,0,2,0
64,13,8,2066841,1,1
150,6,15,11788804,6,0
78,13,7,5901064,5,1
27,10,9,1650172,7,0
119,4,10,2528619,7,0
150,10,17,11810411,6,0
48,9,2,6188901,1,0
34,7,18,10110549,3,0
141,3,18,11827270,10,1
69,13,8,6202516,6,0
116,11,5,5513783,9,0
58,10,2,7670472,9,0
38,10,14,9203188,10,0
36,9,6,2877451,2,1
126,15,18,7317579,10,0
99,2,7,9441930,7,1
113,15,13,8605066,3,0
146,3,14,4987441,7,0
89,15,8,8330296,8,0
46,1,4,5463155,10,0
148,3,15,670570,5,0
58,5,16,9256098,1,0
72,6,3,500782,2,0
139,9,5,5648909,8,0
59,10,15,2859128,1,0
44,15,15,7039145,5,0
56,6,6,9750943,6,0
39,14,9,8055466,9,0
118,8,8,1469050,4,0
52,7,4,478647,1,0
150,1,17,10811423,10,0
138,9,8,11420916,6,0
31,15,5,662149,6,0
135,12,11,8327169,8,0
147,6,6,4047685,10,0
98,14,13,11123852,4,0
37,2,14,4331284,1,0
90,13,7,7422761,7,0
25,0,19,0,6,0
53,13,3,956759,3,0
48,9,18,4223559,5,0
59,11,9,10235435,1,0
55,10,17,6938950,8,0
89,0,8,0,8,0
42,0,4,0,8,1
111,6,8,5215367,2,0
91,5,19,6226096,8,0
132,7,12,11165482,7,0
100,2,7,4630993,9,0
135,6,10,2625148,4,0
96,9,2,7203915,6,0
75,6,13,3013313,8,1
87,10,10,474498,10,0
97,8,7,6318091,6,0
77,2,5,9457993,5,1
50,0,7,0,7,0
81,8,15,937986,3,0
34,10,10,6164293,7,0
59,9,10,8952770,10,0
50,11,11,7235270,2,0
143,5,20,6425757,8,0
107,9,11,375554,5,0
49,15,1,4537839,7,0
102,14,19,674387,9,0
63,15,10,2013033,7,0
130,6,17,6935229,9,0
86,5,1,11932656,7,0
82,8,2,5566422,2,0
103,7,15,9155594,2,0
47,11,11,457890,5,0
76,8,2,6582856,9,0
140,8,18,2706561,2,0
143,10,9,3942969,3,0
138,12,2,6408071,10,0
121,0,19,0,2,0
72,14,7,1988117,5,0
143,13,15,4123849,5,0
86,10,8,10136326,2,0
144,12,20,7835069,10,0
146,11,8,9266889,2,0
76,6,18,1321986,9,0
75,7,15,5673545,10,0
46,3,1,1016499,10,0
132,12,6,10857002,10,0
104,15,2,6187759,7,0
89,5,18,5733255,1,0
92,9,18,4348370,2,0
107,3,17,7094641,4,0
89,10,3,10769698,3,0
90,8,7,1687416,1,0
139,12,13,6878744,7,0
125,4,1,453782,3,0
108,6,10,1581268,8,0
31,4,19,7427035,9,0
67,14,13,9098946,7,0
145,12,9,2182216,3,0
150,8,7,10598219,7,0
58,13,1,3373564,9,0
58,15,19,6185883,2,1
67,0,8,0,4,0
148,14,20,9994479,1,0
115,6,10,5265824,6,0
91,4,18,2882751,4,0
126,4,3,5757954,7,1
29,12,10,5963844,8,0
66,12,6,4817511,7,0
147,8,20,4377289,8,1
122,10,7,10460553,8,0
42,15,13,9727307,9,1
27,13,19,4162259,8,0
49,3,5,2479454,2,0
116,6,4,3405475,8,0
36,3,14,5586045,5,0
114,15,10,2392300,10,0
54,8,10,5230330,7,0
51,5,12,3972650,6,0
45,1,18,8891958,8,0
47,1,2,2125717,6,0
27,3,7,2772638,3,0
74,1,6,5484088,8,0
126,0,6,0,9,0
98,10,13,1300750,10,0
74,14,20,912424,7,1
128,12,7,4414342,1,0
96,13,20,9749835,1,0
68,14,9,3315859,6,0
36,4,7,508623,8,1
56,6,2,10752486,6,0
44,1,1,1077185,2,0
33,8,2,979349,10,0
119,9,13,2653041,10,0
42,1,5,7774632,10,0
127,12,4,3939837,6,0
91,5,5,1477557,3,0
59,6,13,11284100,3,1
121,5,20,10329036,2,0
96,4,17,5821493,10,0
48,1,16,1705031,6,0
85,4,13,428792,9,0
42,2,13,10568030,7,0
44,14,15,10921776,1,0
25,4,15,11192109,10,0
80,10,16,9945347,8,0
126,14,16,153655,1,0
34,0,8,0,10,0
99,6,11,215655,8,0
97,1,5,3651570,9,0
121,15,11,7264009,3,0
29,9,7,8489436,8,0
72,12,20,5901838,8,0
125,7,13,5980009,8,0
55,15,4,4614049,9,0
78,7,20,3785046,9,0
76,11,2,9391682,6,0
121,8,8,8438762,5,0
150,6,3,11444232,5,0
141,12,19,2617444,10,1
91,9,19,2376221,5,0
108,8,19,8906144,10,0
71,14,13,8297007,8,0
112,0,1,0,8,0
75,7,12,9705344,6,0
89,6,7,8964521,1,0
76,9,1,5460541,5,0
91,0,17,0,10,0
146,7,7,11842621,6,0
70,7,7,8088300,2,0
111,2,12,5160043,5,0
65,5,15,8988147,10,0
140,10,19,1880766,8,0
144,5,5,937136,9,0
118,6,17,2118666,5,0
60,7,17,8574617,6,0
127,2,6,5391288,10,0
46,5,5,8975929,4,0
34,15,6,1930885,4,1
117,12,1,8984271,8,0
89,13,6,5331107,4,0
83,15,2,11569117,10,0
141,1,19,8982467,9,0
47,13,3,6326130,3,0
99,2,2,8105686,10,1
40,6,11,1329887,1,0
64,12,13,9559850,8,0
45,0,7,0,2,0
42,9,9,367819,9,0
125,11,17,8862691,10,0
82,10,14,7160804,1,0
129,6,17,11632765,5,0
56,13,5,8304185,1,0
55,1,2,2491934,8,0
93,3,18,4903652,1,0
131,4,15,4026403,1,0
25,0,4,0,9,1
97,13,15,8893854,1,0
83,8,14,1143537,4,1
99,12,8,3266718,1,0
51,0,15,0,6,0
69,14,13,3177826,4,0
108,15,4,7898545,7,0
45,1,16,3268227,7,0
85,2,15,5533861,4,0
97,14,19,9998971,3,0
40,5,7,6996305,10,0
75,5,19,11144941,2,0
39,7,3,4699391,1,0
120,13,10,10921189,9,0
54,6,7,10674875,10,0
56,10,2,5207771,8,0
71,8,13,8852637,3,0
91,2,2,8402698,3,0
25,1,15,10040380,10,0
84,15,18,609544,6,0
150,15,16,4769994,5,0
49,6,10,3263762,3,0
70,5,4,9666471,6,0
141,0,11,0,8,0
62,13,18,5044174,2,1
71,14,9,3144604,5,0
126,5,19,6831521,9,0
40,8,1,991682,3,0
96,1,19,3110955,2,0
134,13,13,1246363,1,0
117,0,14,0,8,0
69,11,17,8554159,10,0
121,14,15,9060084,8,0
96,7,6,1863193,9,1
42,14,9,3445649,6,0
130,3,15,7947179,4,0
46,3,5,4571786,10,0
67,4,11,8952624,9,0
75,14,20,116187,9,1
29,12,5,7093113,1,0
108,0,13,0,8,0
84,4,12,11090931,3,0
118,7,14,1791557,6,1
127,10,8,11212945,7,0
31,14,2,9602773,3,0
95,9,18,11553544,3,0
118,6,11,8736288,3,1
44,12,2,5550264,10,0
130,1,5,4510019,4,0
149,2,8,4198183,2,0
98,5,5,2588099,1,0
146,3,3,10299928,5,1
100,6,18,7801283,5,0
50,3,15,10602094,8,0
101,13,14,284915,2,0
72,5,16,2401690,5,0
117,5,18,8297516,8,0
46,14,7,4945430,3,0
101,4,20,10973736,6,0
102,6,11,3837020,2,0
69,15,16,1067450,1,0
132,11,5,2347819,5,0
82,13,16,10444763,2,1
29,15,20,4053974,8,0
82,8,7,825814,2,0
85,4,5,7820412,5,0
105,2,12,757485,8,0
94,0,7,0,5,0
108,7,6,5346337,2,0
124,14,14,2344945,5,0
137,7,10,6530073,4,1
72,15,1,9687505,4,0
142,9,11,8504227,4,0
124,5,3,4415047,8,1
91,7,19,6522987,1,0
30,5,7,3514099,7,0
150,7,14,4689174,5,0
50,9,18,4739205,9,0
96,7,3,4288626,10,0
76,14,3,7393472,8,1
60,6,10,4496830,7,0
45,15,12,7243253,5,0
122,6,7,11862181,9,0
123,2,16,5602436,8,0
131,15,11,7613993,4,0
67,0,8,0,9,0
123,5,14,7150531,2,0
123,6,3,8353231,8,0
45,3,11,11627472,10,0
99,0,7,0,1,1
132,14,17,6505687,5,1
60,13,13,2164604,10,0
125,4,19,6277005,8,0
126,7,6,2685059,7,0
113,6,17,10592180,3,0
29,5,17,797489,1,1
120,12,1,5086535,8,0
57,10,4,10655407,1,1
77,7,3,7210195,3,0
60,11,17,6647906,1,0
67,10,16,2104304,1,0
55,10,3,5914459,3,1
140,13,6,5749801,6,0
128,2,6,1394197,5,0
135,7,19,1833006,8,0
43,10,11,9369531,9,0
148,15,15,5006673,4,0
65,12,9,7490703,2,0
149,3,15,1339724,4,0
88,6,3,6083758,10,0
106,13,7,2427107,1,1
31,13,3,2978569,7,0
140,7,8,6219391,5,0
26,8,13,6304474,2,0
46,7,17,10603115,1,0
120,4,2,2981880,3,0
49,3,17,8033444,1,0
65,4,11,3578675,8,0
33,13,1,9177372,7,0
135,4,9,603474,10,0
84,9,2,269979,4,0
107,5,20,4350535,5,0
133,1,11,11991701,6,0
121,15,5,4475118,2,0
116,15,7,5488828,3,0
113,4,16,5172868,3,0
60,2,9,7174890,7,0
99,15,1,5802628,8,0
52,6,8,8572373,2,0
26,14,1,3442038,4,0
107,15,10,10574539,2,1
97,8,4,8597544,4,0
82,0,1,0,3,0
43,4,17,4003671,8,0
134,4,10,4430487,10,0
35,2,9,1146193,4,0
75,3,12,9427186,10,0
125,8,20,4174887,9,0
148,9,14,5534175,8,0
114,1,7,3070669,2,0
94,0,6,0,1,0
133,13,8,554187,7,0
104,13,4,5997858,4,1
38,9,4,3378189,9,0
83,10,1,10456411,7,0
144,11,18,8026061,4,0
78,4,5,681072,7,0
65,12,8,3349430,3,0
48,6,5,7537022,3,0
44,13,13,8785291,1,0
72,7,6,641094,2,0
147,12,14,8232781,8,1
125,0,1,0,4,0
59,6,18,4989832,1,0
63,13,15,11492722,6,0
89,3,13,4718003,10,0
27,7,10,2169749,4,0
60,10,15,11163150,6,0
105,10,18,7666705,5,0
136,6,1,7096503,9,0
69,11,17,8986180,6,0
86,14,3,4815739,10,0
113,8,16,5632814,8,0
36,13,1,2271784,8,1
121,2,14,10742944,1,0
93,13,10,7161001,1,0
142,6,12,4800201,6,0
109,15,10,2008497,4,0
129,0,2,0,4,0
119,0,7,0,1,0
117,1,6,7687016,9,1
124,12,4,10473873,2,0
143,3,17,1930596,8,0
96,2,18,4088783,9,0
144,12,19,8614921,5,0
42,14,4,5507441,5,0
46,12,10,9898659,10,0
51,0,7,0,6,0
140,8,17,1015957,1,0
39,7,3,4875315,10,0
70,4,10,8764004,10,0
36,3,17,2137515,4,0
138,1,7,639775,4,0
117,5,3,6229494,1,1
136,2,1,4056587,3,1
80,0,18,0,8,0
76,9,10,8004194,9,0
133,4,5,1975423,4,0
47,10,12,214563,5,0
149,12,4,7567367,8,0
100,6,1,8491342,10,1
80,12,8,7626983,6,0
51,13,2,2359146,4,0
40,14,5,11764124,2,0
127,14,9,5882354,6,1
84,5,19,11036724,1,0
46,8,14,11928998,6,1
80,0,1,0,3,0
71,8,13,6273889,9,0
109,15,1,3378912,5,0
127,6,13,9953254,2,0
84,1,10,7023215,3,0
90,14,14,9222977,4,0
148,2,2,553629,5,0
77,15,14,2215499,4,0
92,0,6,0,10,0
86,9,1,2795354,7,0
50,14,1,8450593,5,0
104,1,11,5511945,6,0
104,1,19,7045697,8,0
142,1,11,11796396,5,0
73,3,11,9366918,6,0
88,13,15,3403534,6,0
136,7,17,5247201,9,0
70,7,1,3298776,10,0
40,12,1,9760388,4,0
41,7,9,6254848,7,0
91,11,17,8235250,2,0
45,11,9,6830769,8,0
73,13,2,9053088,8,0
37,8,4,2477445,4,0
120,10,11,3494379,4,0
50,7,12,5011084,1,0
43,5,6,5847498,8,1
28,4,14,11493745,2,0
82,7,10,1552547,7,1
43,4,7,7885768,6,0
91,15,4,4238603,8,0
127,6,5,2627522,6,0
120,8,8,4822121,4,0
33,10,3,711887,1,0
48,2,15,7383844,10,0
131,3,17,4436482,2,0
33,4,19,8798996,4,0
92,5,15,6219122,8,0
29,4,1,10558727,9,0
104,11,1,950124,6,0
59,0,10,0,7,0
59,14,13,3215541,4,0
37,12,8,1870518,9,0
28,1,19,2181318,4,0
64,6,17,353167,4,0
54,0,5,0,5,0
77,12,6,1418078,1,0
101,10,4,5161598,1,0
86,2,1,2122131,3,0
115,2,1,7189100,3,0
41,14,11,4023282,2,0
130,0,20,0,4,0
143,15,15,11579701,9,0
115,6,8,2810836,1,0
92,5,8,5667896,2,0
149,2,13,4061568,3,0
148,8,15,6474369,5,0
66,10,2,9623835,2,0
105,0,17,0,1,0
100,0,4,0,5,0
85,6,6,11993455,2,0
130,1,5,2823096,7,0
57,11,6,4623050,6,0
55,5,17,3724063,5,0
123,11,4,383114,6,0
39,2,6,1677562,9,0
147,13,14,8407305,1,0
33,14,19,8725737,4,0
44,11,14,4396707,4,0
32,1,5,9996657,9,0
140,6,4,4516976,7,0
46,15,11,11330621,6,0
82,13,4,537707,3,0
35,7,7,11095283,5,0
31,13,16,3362727,2,1
54,3,3,5401682,10,0
49,10,15,6906078,3,0
108,6,7,7798902,8,0
68,4,4,8960068,1,0
147,4,19,6377918,8,0
34,2,5,11382878,5,0
46,1,12,7272188,7,1
25,15,3,2833067,10,0
28,7,3,9728174,7,0
94,9,19,4071760,4,0
65,15,10,5497525,9,0
111,9,10,3334260,10,0
123,0,9,0,3,0
109,13,2,4876598,4,0
130,13,12,10875398,1,0
50,1,7,11721938,5,1
138,3,13,10356422,6,0
117,11,13,9394322,4,0
146,8,7,4503642,8,0
90,13,8,10396019,7,0
91,13,8,8231564,8,0
83,13,18,6732670,10,0
127,5,8,4957272,3,0
91,10,5,10698996,9,0
121,13,16,1512156,10,0
84,4,19,10554720,6,1
98,7,18,7718349,3,0
84,14,20,3198502,7,0
125,7,4,5730219,7,0
144,12,17,3211879,4,0
97,14,9,2561677,5,0
36,0,11,0,3,0
42,4,9,1654961,10,1
59,2,3,9757400,8,0
63,9,4,11458240,6,0
74,14,20,7511987,3,0
111,0,7,0,10,0
59,0,5,0,8,0
122,0,5,0,7,0
32,11,18,114170,4,1
86,3,2,10167349,5,0
118,1,8,2086292,9,0
144,8,13,6941441,10,1
85,0,9,0,6,0
134,13,8,4181483,10,0
59,0,10,0,5,0
118,12,1,1555026,1,0
25,15,11,7874463,4,0
131,13,6,3256806,3,0
59,10,8,6544027,5,0
66,14,19,11198430,6,0
119,4,3,8472604,6,0
119,3,10,11423699,8,0
133,14,8,9018815,1,1
25,5,18,7576891,7,0
64,1,3,10673061,10,0
135,6,15,2350321,1,1
118,5,15,9320860,7,0
110,10,6,6844977,3,0
45,3,6,4587148,9,0
122,5,14,4005067,3,0
108,9,9,8581202,3,0
96,0,18,0,5,0
140,9,20,7468353,7,0
76,7,5,2641862,5,0
69,3,5,3118268,8,0
149,11,12,1378520,6,0
117,14,6,8463535,9,0
48,1,6,10185432,6,0
83,2,12,845788,8,0
87,13,12,10755636,10,0
81,4,17,5726311,1,0
146,12,1,5377115,1,0
58,3,20,11997083,1,0
86,15,16,1886824,3,0
58,4,9,4523113,1,0
43,0,13,0,6,0
47,5,5,2959434,5,0
81,5,2,8021962,6,0
79,5,5,7102647,9,1
29,2,12,625889,5,0
33,8,10,11485679,9,0
108,5,5,8806971,1,0
81,13,14,6351332,9,0
146,3,14,11899957,2,0
53,15,7,1153887,4,0
125,14,15,1073266,10,0
94,4,10,7422663,2,0
109,11,10,9489569,9,1
97,3,18,9647887,9,0
76,15,13,7977850,2,0
66,11,12,6483829,5,0
61,15,14,4442381,3,1
113,10,16,7847223,9,0
52,8,9,2155940,5,0
105,10,9,10917433,7,0
103,13,10,7187046,8,1
48,0,9,0,5,0
142,13,20,3127440,5,0
61,0,18,0,3,0
129,9,13,9122923,7,0
69,13,20,2762591,9,0
82,14,2,6259416,2,0
61,5,4,9440619,1,0
121,3,4,4328703,2,0
95,15,13,6485274,4,0
55,10,11,6547249,3,1
53,3,15,11204381,3,0
46,8,3,10803942,3,0
32,12,4,7490684,9,0
144,12,4,7185489,7,0
97,13,15,9201777,4,0
46,2,13,2425638,8,0
32,9,1,4494637,4,0
56,13,15,4499209,4,0
138,0,8,0,5,0
137,13,16,2718049,5,0
133,9,9,1717789,8,0
138,3,9,4861675,3,0
42,12,2,4174479,10,0
123,11,20,11614897,2,0
136,1,12,8871112,5,0
150,10,12,6353150,3,0
108,11,11,10779813,10,0
139,3,2,3427858,8,0
70,1,10,5533273,9,0
82,12,16,2910392,1,0
99,3,15,2968072,10,0
86,8,19,1435481,5,0
148,12,1,4755310,8,0
88,2,13,11368335,4,0
103,2,5,10654479,5,0
142,3,7,3766477,8,0
60,13,19,10794895,2,0
93,14,20,7126255,1,0
30,4,9,408324,5,0
33,1,5,10984800,1,0
73,5,14,7198115,3,0
64,13,17,7023716,1,0
140,13,16,10746823,5,0
63,6,1,11812177,8,0
67,10,15,5060666,6,0
81,9,9,10598623,8,0
65,10,9,69689,1,0
114,4,6,6533558,4,0
26,5,16,6652874,8,0
71,3,6,10373058,7,0
78,9,11,10799856,5,0
41,10,16,826253,4,0
68,15,11,9499873,1,0
66,6,13,9672742,9,0
103,3,13,11200569,5,0
138,9,20,9709559,9,0
145,14,15,9315436,1,0
87,13,14,7531197,8,0
86,0,4,0,5,0
36,10,13,3078148,4,0
144,7,6,7424409,10,0
51,3,12,1820413,7,0
101,7,7,7447238,9,0
80,3,18,9164991,2,0
148,3,1,956901,1,1
127,0,14,0,9,0
34,1,9,7701835,5,0
33,0,14,0,5,0
125,4,7,405086,1,0
39,13,20,9869779,5,0
148,9,9,9350049,8,0
37,12,6,10582494,2,0
49,13,14,459958,1,0
30,12,15,11572629,3,0
48,8,5,6095592,6,0
29,1,14,9585642,7,0
77,11,5,8496252,8,0
67,12,14,5876065,1,1
133,8,16,7319160,8,0
65,7,13,9634394,7,0
150,15,9,3129782,9,0
103,3,20,9882811,10,0
142,15,3,6479527,7,0
30,12,12,5331083,3,0
88,13,10,7752614,2,0
140,3,14,5628248,7,0
39,0,11,0,9,0
27,6,20,624780,6,0
135,15,20,10069762,1,0
103,6,17,8125265,6,0
37,0,15,0,2,0
124,4,1,1548044,6,0
91,9,17,8251300,4,1
32,2,18,9001886,6,0
60,9,6,9972127,6,1
128,8,10,899185,4,0
44,6,8,5395604,5,0
139,2,6,8040096,3,0
126,1,2,11666067,9,1
127,12,20,9455809,5,0
104,0,1,0,9,0
110,3,10,715218,7,0
147,1,7,5742813,9,0
116,5,2,3689502,3,0
104,8,4,4434490,6,0
38,1,3,4878448,1,0
125,10,4,4398033,10,0
84,5,14,6559013,6,0
113,1,20,794623,2,1
57,0,8,0,3,0
68,0,16,0,8,0
133,15,13,2306153,4,1
99,11,15,3030431,2,0
30,1,4,9598449,10,0
60,2,13,7427135,10,0
118,6,4,10855441,6,0
126,2,4,6435590,1,0
89,2,12,9990535,2,0
26,5,9,7261504,3,0
111,9,1,1902135,10,0
123,4,11,6173221,8,0
87,4,9,2900320,2,0
111,2,16,5761044,5,0
30,3,19,6494182,1,0
64,0,14,0,6,0
42,6,19,10811798,4,0
135,13,2,3594822,3,0
70,2,14,8412791,4,0
87,6,14,4078317,2,0
106,13,18,3548052,10,1
77,13,18,1792946,8,0
146,1,14,656414,8,0
88,9,19,2444081,1,0
34,1,20,6958111,5,0
65,14,14,1387972,1,0
61,4,20,7652247,8,0
108,12,12,10135645,3,0
116,7,11,11279708,2,0
80,9,15,6861057,8,0
45,15,19,7109671,8,0
43,15,1,11496316,4,0
130,3,2,78091,8,0
84,6,2,3527530,1,0
51,14,13,7351477,1,0
93,1,14,6670633,1,0
81,1,7,8749545,4,0
55,13,11,3917578,10,0
148,7,9,3569242,1,0
96,5,13,260230,7,1
129,0,14,0,7,0
52,1,12,7617882,5,0
72,14,3,5236391,6,0
140,3,15,814983,3,0
58,10,1,2028722,4,0
70,11,15,4230350,5,0
76,14,7,473035,10,0
34,11,8,5178899,2,0
58,10,12,4871949,8,0
42,9,12,1148727,5,0
127,10,17,9905311,6,0
97,3,15,9773749,8,0
95,11,1,6106691,10,0
43,5,14,7866865,7,0
109,8,8,1133125,9,0
75,2,2,6773201,1,0
59,5,19,2139452,1,1
44,3,1,3164597,5,0
106,9,12,7074771,8,0
72,8,12,2672706,8,0
137,7,2,246411,5,0
145,12,12,10066232,10,0
62,7,15,918410,9,0
146,5,9,3517407,2,1
61,13,11,11322946,4,0
98,2,1,9147647,9,0
37,5,12,9146731,1,0
124,0,11,0,10,0
45,13,2,7977491,2,0
91,3,16,11436069,6,0
102,6,6,2064731,5,0
43,13,11,1901136,1,0
30,7,10,6963683,4,0
112,15,12,2671034,6,0
59,4,17,6497675,5,1
75,11,1,5297929,1,0
43,4,20,4639136,8,0
66,9,8,10916190,7,0
119,1,3,3031358,6,0
52,10,12,5525421,3,0
47,10,4,8914464,3,0
68,0,20,0,2,0
144,14,16,689892,6,0
114,4,16,7690430,5,0
126,4,18,979995,7,0
37,9,4,5217963,6,1
143,0,1,0,4,0
109,11,17,577962,1,0
142,10,18,11190091,2,0
64,11,8,2532412,4,0
107,6,11,1243170,5,0
31,0,1,0,1,0
74,8,8,9652674,9,0
149,15,4,5346835,8,0
116,1,17,5145921,10,0
28,7,11,11262735,6,1
66,15,7,7370556,9,0
94,3,8,8706455,5,0
34,15,14,426670,5,0
49,7,9,6754208,6,0
135,13,3,4066730,8,0
36,4,5,5058910,2,0
125,10,5,1632575,5,0
93,6,11,11531970,4,0
89,9,16,2513044,9,0
33,5,18,3057206,4,0
93,12,9,9364843,4,0
136,7,17,8920605,5,0
107,4,14,4433906,4,1
61,0,1,0,10,0
121,0,5,0,7,0
34,1,7,6813712,3,0
83,5,2,4281653,4,0
25,8,17,7637964,1,0
141,5,15,8994585,7,0
49,11,8,5052049,3,0
93,8,16,9953443,10,0
140,5,11,8153138,9,0
51,9,16,5898754,5,0
29,9,2,7695256,5,0
27,1,12,9885371,2,0
134,7,20,1941196,10,0
59,14,17,4436037,4,1
32,14,10,627085,3,0
118,7,19,6477907,7,1
122,4,7,5269075,7,0
34,4,17,2975546,6,0
62,6,20,4628945,3,0
93,9,12,4366531,7,0
55,0,4,0,5,0
137,8,15,11133272,6,0
105,1,17,2707644,2,0
45,15,8,7255446,7,0
82,8,12,449617,3,0
85,1,8,10912649,4,0
103,8,1,3438469,2,0
31,3,14,6730173,7,1
58,1,18,8782942,7,0
148,10,13,2801207,5,0
121,1,14,9095110,2,0
115,9,10,9443235,3,0
134,11,5,2595998,8,0
110,10,19,5715967,5,0
114,9,1,4384317,7,0
26,10,11,738021,6,0
39,11,13,10377549,4,0
116,7,9,11123291,1,0
96,12,9,3032888,3,0
96,13,17,11303749,6,0
42,6,14,7138231,8,0
43,9,20,10268014,8,0
92,5,12,4188101,9,0
43,4,8,6296123,1,0
74,1,8,1568423,9,0
114,6,15,9229168,5,0
127,3,5,4542903,10,0
103,10,14,4298838,6,0
126,11,20,3046590,5,0
89,9,7,1263230,2,0
72,3,15,5571749,9,0
82,9,1,9110877,7,0
106,4,12,8252059,3,0
91,11,4,259920,4,0
149,12,17,8894861,4,1
82,10,5,2139527,1,1
32,1,14,438031,6,0
121,4,15,4379824,5,0
117,2,14,670065,6,0
45,9,11,4555334,7,0
45,11,13,11898944,6,0
146,3,18,5541971,10,0
130,15,8,2284828,7,1
141,14,1,11328750,5,0
40,14,9,5933493,3,0
138,0,4,0,9,0
88,8,13,10511391,1,0
40,3,16,3037417,3,0
50,2,12,707057,9,0
97,9,18,3461461,10,0
139,2,15,3692584,4,0
121,9,1,9022930,2,0
113,8,14,11185322,6,0
100,12,19,922582,2,0
60,6,14,8649305,4,0
55,6,11,9781712,10,0
108,0,10,0,4,1
92,15,9,1289408,10,0
25,15,2,2744833,5,0
37,15,4,3478471,10,0
88,13,15,5812439,6,1
104,8,8,8050985,10,0
141,4,19,9851042,7,0
88,1,1,6555461,5,0
100,5,16,5200433,3,0
88,8,13,6868313,9,0
109,8,6,3240948,7,0
148,4,8,7621487,5,0
114,1,15,3047213,1,1
34,9,17,2112669,1,1
63,8,1,6727388,4,0
66,11,6,7855352,4,0
52,3,3,8095250,5,0
81,15,18,10901395,4,1
26,12,10,8356776,6,0
26,5,18,8094115,3,0
106,15,13,7726314,2,1
77,2,11,4519013,9,0
64,3,19,9820181,7,0
112,10,1,3472461,2,0
112,3,1,7322895,5,0
29,0,8,0,2,0
66,9,3,9205958,5,0
69,3,11,4594727,7,0
111,0,15,0,5,0
73,12,16,2821718,1,0
128,1,5,9062282,3,0
106,1,3,338056,4,0
40,4,17,8405400,10,0
97,14,2,1182092,7,0
124,10,15,1889532,6,0
64,13,16,8406579,1,1
96,12,1,3029926,8,1
132,15,16,5441224,1,0
45,5,3,5645015,8,0
66,2,8,3173629,9,0
93,7,11,9354655,1,0
48,0,5,0,4,0
121,10,5,9580414,5,0
80,3,4,2489191,10,0
41,4,16,3215871,2,0
54,7,5,9984624,3,0
55,4,4,7720879,1,0
69,5,5,1315532,5,0
132,3,13,1580855,2,0
59,4,5,11527989,5,0
53,5,5,11613460,6,0
122,15,11,9391546,8,0
62,8,18,5666390,10,0
83,13,1,7374149,7,1
138,11,19,977672,7,0
103,7,12,2440823,4,0
45,0,20,0,3,0
138,7,15,5416015,9,0
84,4,15,11490488,2,0
41,0,2,0,1,0
70,15,14,9232385,2,0
66,3,12,11334249,7,0
83,0,17,0,6,1
146,7,14,4361725,4,0
73,0,17,0,8,0
138,12,5,1378504,5,0
45,13,15,4045769,3,1
89,5,13,10247410,2,0
77,8,11,4818279,9,0
123,2,4,11375845,5,0
58,7,11,5661448,9,0
61,15,14,9689140,4,1
88,9,8,6248473,10,0
61,12,4,8167375,7,0
29,8,8,2298321,1,0
121,4,5,754487,9,0
147,6,2,5080421,5,0
93,7,11,10471525,6,0
48,12,14,1370227,1,0
70,7,14,11560937,5,0
25,9,17,1538514,9,0
122,8,5,4096472,7,0
69,11,2,11385439,8,0
34,5,15,1179077,3,0
114,5,19,11828595,10,1
140,4,1,4659507,10,0
99,6,17,9717553,8,0
82,5,12,532755,5,0
112,9,20,9929080,6,0
77,3,4,1237424,2,0
131,7,11,4787068,5,0
140,3,12,9502905,4,0
51,12,18,7679052,7,0
79,9,16,8589806,2,0
89,10,10,9606713,1,0
47,2,10,10508600,5,0
96,4,16,8137575,10,0
72,6,13,4703929,6,0
81,1,11,5807826,7,0
54,0,2,0,3,0
78,2,13,1046505,4,0
123,10,5,4668098,9,0
48,15,20,8583311,1,0
98,1,4,2082305,6,0
59,9,18,4015056,5,0
107,6,16,4563755,2,1
25,8,12,6295906,8,1
107,8,12,7633572,7,0
133,11,18,5914386,1,0
108,11,18,8705731,9,0
106,6,5,2049214,6,0
47,12,12,10870779,7,0
64,4,16,1858053,3,0
112,13,10,4917605,4,0
36,10,5,4996563,2,0
136,0,16,0,3,1
31,6,17,1820612,5,0
135,9,16,9626118,2,0
33,15,16,7523399,1,0
143,15,9,10995829,2,0
114,2,1,6315213,9,0
35,0,8,0,9,0
143,10,13,5785651,5,0
101,1,7,2184905,6,0
82,1,1,11709278,5,1
82,1,20,2191000,10,0
37,14,15,4092791,2,0
141,15,11,3315269,9,1
122,1,10,8593695,7,1
111,0,3,0,2,0
75,0,14,0,8,0
28,6,5,4242249,2,0
47,12,8,11515632,10,0
114,15,2,9714161,5,0
38,1,14,2112905,3,0
28,12,2,5501645,7,0
119,11,9,325015,7,0
71,2,18,4860193,4,0
103,4,15,7441673,1,0
47,12,9,7136064,6,0
76,14,14,7653788,5,1
109,4,2,455752,9,0
114,1,12,10937162,7,0
27,8,19,6156885,8,1
47,8,11,4002692,6,1
55,7,3,144373,7,0
140,13,7,1479533,9,0
46,12,10,2480323,8,0
109,14,20,5794536,9,0
149,11,20,2930956,3,0
60,2,8,543278,10,0
62,14,19,7585425,3,0
67,4,1,7772250,7,0
40,12,10,9677510,6,0
42,5,8,7143792,6,0
33,12,2,1161809,3,0
85,15,7,5450568,6,0
127,5,16,5489275,9,0
116,12,17,8493094,9,0
141,1,13,9844402,2,0
91,1,20,1988654,1,0
33,8,3,6885741,4,0
81,13,9,4052647,2,0
92,6,2,867870,6,0
37,10,6,1255786,2,0
117,2,16,9984951,5,0
106,10,7,7676400,5,1
149,2,20,10656584,4,0
66,7,5,130045,8,0
105,14,4,9430751,2,0
29,9,16,11637182,5,0
138,10,4,90636,6,0
136,15,1,6238424,3,0
83,10,2,7375483,5,0
37,1,3,10681788,5,0
71,9,10,7221629,2,0
56,15,2,9213470,1,0
106,10,6,5028544,1,0
87,6,4,11149078,10,0
126,1,5,1553891,5,0
121,3,15,4513650,1,0
99,7,12,11909858,5,0
116,1,14,956384,6,0
52,14,10,4958403,2,0
50,10,2,11342968,1,0
130,1,17,2394825,7,0
119,9,7,6893296,6,0
36,7,1,11913536,2,0
124,2,5,4177495,1,0
51,8,1,3999153,2,0
31,1,15,3097272,8,0
118,5,14,5087554,7,1
90,6,10,8587457,6,0
78,0,4,0,3,0
115,0,1,0,10,0
51,15,18,161703,3,0
100,3,17,2913035,4,0
67,6,6,6965314,2,0
104,3,16,7419523,10,0
88,11,9,11526267,5,0
137,3,10,4187105,1,0
28,5,3,1691316,8,1
45,7,1,10280921,3,0
114,13,3,3295821,1,0
71,10,2,3868734,9,0
53,11,12,2174318,4,0
110,9,11,9641276,2,0
58,3,9,3102665,3,0
67,10,16,301743,1,0
67,1,14,5491024,1,0
113,5,2,3428137,3,0
90,6,16,10828993,2,0
33,9,4,1033472,7,0
85,3,9,3182694,7,0
96,8,20,4812158,7,0
41,1,10,10195708,5,0
132,11,18,9380002,7,0
148,4,13,10237740,1,0
138,7,8,7024574,9,0
69,7,4,9685502,5,0
129,1,15,2712818,8,0
149,15,9,2967738,6,0
150,9,4,5105208,1,0
81,13,9,11869690,1,1
38,5,4,5942230,10,0
92,11,14,4170775,4,0
40,1,5,11084294,10,0
36,8,3,3101575,3,1
122,9,17,439399,8,0
75,14,7,9396616,9,0
93,7,17,3278043,10,0
101,0,11,0,4,0
104,1,15,10731951,3,0
44,4,9,6529496,2,0
44,3,20,2197713,5,0
56,15,17,10253205,7,0
82,8,10,11539832,5,0
110,14,14,821710,7,0
107,7,8,2548449,9,0
146,9,3,9158832,2,0
100,1,8,3296203,7,0
71,14,13,11496970,1,0
45,7,14,7403370,10,0
94,8,11,6841307,1,1
65,2,5,2188648,2,0
88,4,10,3237632,3,0
99,4,4,9604303,5,0
69,11,12,3083372,2,0
140,1,2,9496543,7,0
37,11,6,6812825,3,0
134,0,20,0,1,0
29,4,12,6023950,6,0
78,12,15,4028536,4,0
86,8,10,11291290,1,0
95,1,20,2912247,8,1
109,10,8,6388850,3,0
101,11,7,9652989,4,0
107,3,3,8504905,9,0
28,12,9,7670081,6,0
33,15,12,2586433,7,0
101,15,5,1099216,7,0
137,8,9,4256880,8,0
132,4,15,5455578,8,0
89,9,6,8729459,9,0
104,3,14,717546,6,0
81,10,1,9204186,7,0
148,4,9,4051035,5,0
